{"partes": [0.45000000000000007, 0.1, 0.5000000000000001, 0.5000000000000001, 0.1, 0.1, 0.1, 0.5000000000000001, 0.45000000000000007, 0.5500000000000002, 0.6000000000000002, 0.5000000000000001, 0.40000000000000013, 0.40000000000000013, 0.1, 0.40000000000000013, 0.45000000000000007, 0.40000000000000013, 0.5500000000000002, 0.1, 0.1, 0.5000000000000001, 0.5000000000000001, 0.45000000000000007, 0.6000000000000002, 0.5000000000000001, 0.5000000000000001, 0.5000000000000001, 0.45000000000000007], "dannos": [0.1, 0.5500000000000002, 0.5500000000000002, 0.45000000000000007, 0.40000000000000013, 0.1], "sugerencias": [0.1, 0.1]}